{"cameraMode":{"drawMode":0,"name":"Shaded","section":"Shading Mode"},"sceneLighting":true,"audioPlay":false,"sceneViewState":{"showFog":true,"showMaterialUpdate":false,"showSkybox":true,"showFlares":true,"showImageEffects":true,"showParticleSystems":true},"in2DMode":false,"pivot":{"x":9.061501502990723,"y":-15.703493118286133,"z":30.293010711669923},"rotation":{"x":0.26142314076423647,"y":0.12265100330114365,"z":-0.033537060022354129,"w":0.9568445086479187},"size":42.778076171875,"orthographic":false}